<?xml version="1.0" encoding="UTF-8"?>
<rows><COUNT>0</COUNT><DATA><name>style_report.css</name><server_path>C:\xampp\htdocs\sikda-puskesmas\sikda-application\modules\report_ppjk\assets\css\style_report.css</server_path><size>766</size><date>1414201091</date><relative_path>C:\xampp\htdocs\sikda-puskesmas\sikda-application\modules\report_ppjk\assets\css\</relative_path></DATA><DATA><name>template_upload_agregat_p2jk.xlsx</name><server_path>C:\xampp\htdocs\sikda-puskesmas\sikda-application\modules\report_ppjk\assets\temp\template_upload_agregat_p2jk.xlsx</server_path><size>19013</size><date>1421079873</date><relative_path>C:\xampp\htdocs\sikda-puskesmas\sikda-application\modules\report_ppjk\assets\temp\</relative_path></DATA><DATA><name>report_ppjk.php</name><server_path>C:\xampp\htdocs\sikda-puskesmas\sikda-application\modules\report_ppjk\controllers\report_ppjk.php</server_path><size>132392</size><date>1421893732</date><relative_path>C:\xampp\htdocs\sikda-puskesmas\sikda-application\modules\report_ppjk\controllers\</relative_path></DATA><DATA><name>menu.txt</name><server_path>C:\xampp\htdocs\sikda-puskesmas\sikda-application\modules\report_ppjk\logs\report_ppjk\menu.txt</server_path><size>1043</size><date>1422337631</date><relative_path>C:\xampp\htdocs\sikda-puskesmas\sikda-application\modules\report_ppjk\logs\report_ppjk\</relative_path></DATA><DATA><name>report_ppjk_about.xml</name><server_path>C:\xampp\htdocs\sikda-puskesmas\sikda-application\modules\report_ppjk\logs\report_ppjk\report_ppjk_about.xml</server_path><size>176</size><date>1422336897</date><relative_path>C:\xampp\htdocs\sikda-puskesmas\sikda-application\modules\report_ppjk\logs\report_ppjk\</relative_path></DATA><DATA><name>report_ppjk_listfile.xml</name><server_path>C:\xampp\htdocs\sikda-puskesmas\sikda-application\modules\report_ppjk\logs\report_ppjk\report_ppjk_listfile.xml</server_path><size>30423</size><date>1422336897</date><relative_path>C:\xampp\htdocs\sikda-puskesmas\sikda-application\modules\report_ppjk\logs\report_ppjk\</relative_path></DATA><DATA><name>update.sql</name><server_path>C:\xampp\htdocs\sikda-puskesmas\sikda-application\modules\report_ppjk\logs\report_ppjk\update.sql</server_path><size>50</size><date>1422202538</date><relative_path>C:\xampp\htdocs\sikda-puskesmas\sikda-application\modules\report_ppjk\logs\report_ppjk\</relative_path></DATA><DATA><name>data_agregat.php</name><server_path>C:\xampp\htdocs\sikda-puskesmas\sikda-application\modules\report_ppjk\views\agregat\data_agregat.php</server_path><size>3891</size><date>1421833888</date><relative_path>C:\xampp\htdocs\sikda-puskesmas\sikda-application\modules\report_ppjk\views\agregat\</relative_path></DATA><DATA><name>data_agregat.php.2014-11-20_133110.bak</name><server_path>C:\xampp\htdocs\sikda-puskesmas\sikda-application\modules\report_ppjk\views\agregat\nppBackup\data_agregat.php.2014-11-20_133110.bak</server_path><size>4099</size><date>1415635250</date><relative_path>C:\xampp\htdocs\sikda-puskesmas\sikda-application\modules\report_ppjk\views\agregat\nppBackup\</relative_path></DATA><DATA><name>data_agregat.php.2014-11-20_133122.bak</name><server_path>C:\xampp\htdocs\sikda-puskesmas\sikda-application\modules\report_ppjk\views\agregat\nppBackup\data_agregat.php.2014-11-20_133122.bak</server_path><size>3779</size><date>1416465070</date><relative_path>C:\xampp\htdocs\sikda-puskesmas\sikda-application\modules\report_ppjk\views\agregat\nppBackup\</relative_path></DATA><DATA><name>data_agregat.php.2014-11-20_133223.bak</name><server_path>C:\xampp\htdocs\sikda-puskesmas\sikda-application\modules\report_ppjk\views\agregat\nppBackup\data_agregat.php.2014-11-20_133223.bak</server_path><size>3769</size><date>1416465082</date><relative_path>C:\xampp\htdocs\sikda-puskesmas\sikda-application\modules\report_ppjk\views\agregat\nppBackup\</relative_path></DATA><DATA><name>data_agregat.php.2014-11-20_133355.bak</name><server_path>C:\xampp\htdocs\sikda-puskesmas\sikda-application\modules\report_ppjk\views\agregat\nppBackup\data_agregat.php.2014-11-20_133355.bak</server_path><size>3819</size><date>1416465143</date><relative_path>C:\xampp\htdocs\sikda-puskesmas\sikda-application\modules\report_ppjk\views\agregat\nppBackup\</relative_path></DATA><DATA><name>rpt_lap10besarICDRujukan_temp.php.2014-11-12_105528.bak</name><server_path>C:\xampp\htdocs\sikda-puskesmas\sikda-application\modules\report_ppjk\views\agregat\nppBackup\rpt_lap10besarICDRujukan_temp.php.2014-11-12_105528.bak</server_path><size>2620</size><date>1415690264</date><relative_path>C:\xampp\htdocs\sikda-puskesmas\sikda-application\modules\report_ppjk\views\agregat\nppBackup\</relative_path></DATA><DATA><name>rpt_lap10besarICDRujukan_temp.php.2014-11-12_105540.bak</name><server_path>C:\xampp\htdocs\sikda-puskesmas\sikda-application\modules\report_ppjk\views\agregat\nppBackup\rpt_lap10besarICDRujukan_temp.php.2014-11-12_105540.bak</server_path><size>1500</size><date>1415764528</date><relative_path>C:\xampp\htdocs\sikda-puskesmas\sikda-application\modules\report_ppjk\views\agregat\nppBackup\</relative_path></DATA><DATA><name>rpt_lap10besarICDRujukan_temp.php.2014-11-12_105544.bak</name><server_path>C:\xampp\htdocs\sikda-puskesmas\sikda-application\modules\report_ppjk\views\agregat\nppBackup\rpt_lap10besarICDRujukan_temp.php.2014-11-12_105544.bak</server_path><size>1407</size><date>1415764540</date><relative_path>C:\xampp\htdocs\sikda-puskesmas\sikda-application\modules\report_ppjk\views\agregat\nppBackup\</relative_path></DATA><DATA><name>rpt_lap10besarICDRujukan_temp.php.2014-11-18_141022.bak</name><server_path>C:\xampp\htdocs\sikda-puskesmas\sikda-application\modules\report_ppjk\views\agregat\nppBackup\rpt_lap10besarICDRujukan_temp.php.2014-11-18_141022.bak</server_path><size>1404</size><date>1415764544</date><relative_path>C:\xampp\htdocs\sikda-puskesmas\sikda-application\modules\report_ppjk\views\agregat\nppBackup\</relative_path></DATA><DATA><name>rpt_lap10besarICDRujukan_temp.php.2014-11-18_141028.bak</name><server_path>C:\xampp\htdocs\sikda-puskesmas\sikda-application\modules\report_ppjk\views\agregat\nppBackup\rpt_lap10besarICDRujukan_temp.php.2014-11-18_141028.bak</server_path><size>1436</size><date>1416294622</date><relative_path>C:\xampp\htdocs\sikda-puskesmas\sikda-application\modules\report_ppjk\views\agregat\nppBackup\</relative_path></DATA><DATA><name>rpt_lap10besarICDRujukan_temp.php.2014-11-18_141039.bak</name><server_path>C:\xampp\htdocs\sikda-puskesmas\sikda-application\modules\report_ppjk\views\agregat\nppBackup\rpt_lap10besarICDRujukan_temp.php.2014-11-18_141039.bak</server_path><size>1466</size><date>1416294628</date><relative_path>C:\xampp\htdocs\sikda-puskesmas\sikda-application\modules\report_ppjk\views\agregat\nppBackup\</relative_path></DATA><DATA><name>rpt_lap10besarICDRujukan_temp.php.2014-11-18_141135.bak</name><server_path>C:\xampp\htdocs\sikda-puskesmas\sikda-application\modules\report_ppjk\views\agregat\nppBackup\rpt_lap10besarICDRujukan_temp.php.2014-11-18_141135.bak</server_path><size>1512</size><date>1416294639</date><relative_path>C:\xampp\htdocs\sikda-puskesmas\sikda-application\modules\report_ppjk\views\agregat\nppBackup\</relative_path></DATA><DATA><name>rpt_lap10besarICDRujukan_temp.php.2014-11-18_144326.bak</name><server_path>C:\xampp\htdocs\sikda-puskesmas\sikda-application\modules\report_ppjk\views\agregat\nppBackup\rpt_lap10besarICDRujukan_temp.php.2014-11-18_144326.bak</server_path><size>1512</size><date>1416294695</date><relative_path>C:\xampp\htdocs\sikda-puskesmas\sikda-application\modules\report_ppjk\views\agregat\nppBackup\</relative_path></DATA><DATA><name>rpt_lap10besarICDRujukan_temp.php.2014-11-18_145517.bak</name><server_path>C:\xampp\htdocs\sikda-puskesmas\sikda-application\modules\report_ppjk\views\agregat\nppBackup\rpt_lap10besarICDRujukan_temp.php.2014-11-18_145517.bak</server_path><size>1500</size><date>1416296606</date><relative_path>C:\xampp\htdocs\sikda-puskesmas\sikda-application\modules\report_ppjk\views\agregat\nppBackup\</relative_path></DATA><DATA><name>rpt_lap10besarICD_temp.php.2014-11-11_141147.bak</name><server_path>C:\xampp\htdocs\sikda-puskesmas\sikda-application\modules\report_ppjk\views\agregat\nppBackup\rpt_lap10besarICD_temp.php.2014-11-11_141147.bak</server_path><size>1984</size><date>1415636740</date><relative_path>C:\xampp\htdocs\sikda-puskesmas\sikda-application\modules\report_ppjk\views\agregat\nppBackup\</relative_path></DATA><DATA><name>rpt_lap10besarICD_temp.php.2014-11-11_141222.bak</name><server_path>C:\xampp\htdocs\sikda-puskesmas\sikda-application\modules\report_ppjk\views\agregat\nppBackup\rpt_lap10besarICD_temp.php.2014-11-11_141222.bak</server_path><size>3470</size><date>1415689907</date><relative_path>C:\xampp\htdocs\sikda-puskesmas\sikda-application\modules\report_ppjk\views\agregat\nppBackup\</relative_path></DATA><DATA><name>rpt_lap10besarICD_temp.php.2014-11-11_141252.bak</name><server_path>C:\xampp\htdocs\sikda-puskesmas\sikda-application\modules\report_ppjk\views\agregat\nppBackup\rpt_lap10besarICD_temp.php.2014-11-11_141252.bak</server_path><size>2938</size><date>1415689942</date><relative_path>C:\xampp\htdocs\sikda-puskesmas\sikda-application\modules\report_ppjk\views\agregat\nppBackup\</relative_path></DATA><DATA><name>rpt_lap10besarICD_temp.php.2014-11-11_141329.bak</name><server_path>C:\xampp\htdocs\sikda-puskesmas\sikda-application\modules\report_ppjk\views\agregat\nppBackup\rpt_lap10besarICD_temp.php.2014-11-11_141329.bak</server_path><size>2952</size><date>1415689972</date><relative_path>C:\xampp\htdocs\sikda-puskesmas\sikda-application\modules\report_ppjk\views\agregat\nppBackup\</relative_path></DATA><DATA><name>rpt_lap10besarICD_temp.php.2014-11-11_141340.bak</name><server_path>C:\xampp\htdocs\sikda-puskesmas\sikda-application\modules\report_ppjk\views\agregat\nppBackup\rpt_lap10besarICD_temp.php.2014-11-11_141340.bak</server_path><size>2949</size><date>1415690009</date><relative_path>C:\xampp\htdocs\sikda-puskesmas\sikda-application\modules\report_ppjk\views\agregat\nppBackup\</relative_path></DATA><DATA><name>rpt_lap10besarICD_temp.php.2014-11-11_141347.bak</name><server_path>C:\xampp\htdocs\sikda-puskesmas\sikda-application\modules\report_ppjk\views\agregat\nppBackup\rpt_lap10besarICD_temp.php.2014-11-11_141347.bak</server_path><size>2656</size><date>1415690020</date><relative_path>C:\xampp\htdocs\sikda-puskesmas\sikda-application\modules\report_ppjk\views\agregat\nppBackup\</relative_path></DATA><DATA><name>rpt_lap10besarICD_temp.php.2014-11-11_141400.bak</name><server_path>C:\xampp\htdocs\sikda-puskesmas\sikda-application\modules\report_ppjk\views\agregat\nppBackup\rpt_lap10besarICD_temp.php.2014-11-11_141400.bak</server_path><size>2620</size><date>1415690027</date><relative_path>C:\xampp\htdocs\sikda-puskesmas\sikda-application\modules\report_ppjk\views\agregat\nppBackup\</relative_path></DATA><DATA><name>rpt_lap10besarICD_temp.php.2014-11-11_141403.bak</name><server_path>C:\xampp\htdocs\sikda-puskesmas\sikda-application\modules\report_ppjk\views\agregat\nppBackup\rpt_lap10besarICD_temp.php.2014-11-11_141403.bak</server_path><size>2624</size><date>1415690041</date><relative_path>C:\xampp\htdocs\sikda-puskesmas\sikda-application\modules\report_ppjk\views\agregat\nppBackup\</relative_path></DATA><DATA><name>rpt_lap10besarICD_temp.php.2014-11-11_141415.bak</name><server_path>C:\xampp\htdocs\sikda-puskesmas\sikda-application\modules\report_ppjk\views\agregat\nppBackup\rpt_lap10besarICD_temp.php.2014-11-11_141415.bak</server_path><size>2624</size><date>1415690043</date><relative_path>C:\xampp\htdocs\sikda-puskesmas\sikda-application\modules\report_ppjk\views\agregat\nppBackup\</relative_path></DATA><DATA><name>rpt_lap10besarICD_temp.php.2014-11-11_141417.bak</name><server_path>C:\xampp\htdocs\sikda-puskesmas\sikda-application\modules\report_ppjk\views\agregat\nppBackup\rpt_lap10besarICD_temp.php.2014-11-11_141417.bak</server_path><size>2633</size><date>1415690055</date><relative_path>C:\xampp\htdocs\sikda-puskesmas\sikda-application\modules\report_ppjk\views\agregat\nppBackup\</relative_path></DATA><DATA><name>rpt_lap10besarICD_temp.php.2014-11-11_141526.bak</name><server_path>C:\xampp\htdocs\sikda-puskesmas\sikda-application\modules\report_ppjk\views\agregat\nppBackup\rpt_lap10besarICD_temp.php.2014-11-11_141526.bak</server_path><size>2634</size><date>1415690057</date><relative_path>C:\xampp\htdocs\sikda-puskesmas\sikda-application\modules\report_ppjk\views\agregat\nppBackup\</relative_path></DATA><DATA><name>rpt_lap10besarICD_temp.php.2014-11-11_141703.bak</name><server_path>C:\xampp\htdocs\sikda-puskesmas\sikda-application\modules\report_ppjk\views\agregat\nppBackup\rpt_lap10besarICD_temp.php.2014-11-11_141703.bak</server_path><size>2658</size><date>1415690126</date><relative_path>C:\xampp\htdocs\sikda-puskesmas\sikda-application\modules\report_ppjk\views\agregat\nppBackup\</relative_path></DATA><DATA><name>rpt_lap10besarICD_temp.php.2014-11-11_141714.bak</name><server_path>C:\xampp\htdocs\sikda-puskesmas\sikda-application\modules\report_ppjk\views\agregat\nppBackup\rpt_lap10besarICD_temp.php.2014-11-11_141714.bak</server_path><size>2639</size><date>1415690223</date><relative_path>C:\xampp\htdocs\sikda-puskesmas\sikda-application\modules\report_ppjk\views\agregat\nppBackup\</relative_path></DATA><DATA><name>rpt_lap10besarICD_temp.php.2014-11-11_141744.bak</name><server_path>C:\xampp\htdocs\sikda-puskesmas\sikda-application\modules\report_ppjk\views\agregat\nppBackup\rpt_lap10besarICD_temp.php.2014-11-11_141744.bak</server_path><size>2645</size><date>1415690234</date><relative_path>C:\xampp\htdocs\sikda-puskesmas\sikda-application\modules\report_ppjk\views\agregat\nppBackup\</relative_path></DATA><DATA><name>rpt_lap10besarICD_temp.php.2014-11-18_144316.bak</name><server_path>C:\xampp\htdocs\sikda-puskesmas\sikda-application\modules\report_ppjk\views\agregat\nppBackup\rpt_lap10besarICD_temp.php.2014-11-18_144316.bak</server_path><size>2620</size><date>1415690264</date><relative_path>C:\xampp\htdocs\sikda-puskesmas\sikda-application\modules\report_ppjk\views\agregat\nppBackup\</relative_path></DATA><DATA><name>rpt_lap10besarICD_temp.php.2014-11-18_145458.bak</name><server_path>C:\xampp\htdocs\sikda-puskesmas\sikda-application\modules\report_ppjk\views\agregat\nppBackup\rpt_lap10besarICD_temp.php.2014-11-18_145458.bak</server_path><size>2812</size><date>1416296596</date><relative_path>C:\xampp\htdocs\sikda-puskesmas\sikda-application\modules\report_ppjk\views\agregat\nppBackup\</relative_path></DATA><DATA><name>rpt_lap10besarICD_temp.php.2014-11-18_145512.bak</name><server_path>C:\xampp\htdocs\sikda-puskesmas\sikda-application\modules\report_ppjk\views\agregat\nppBackup\rpt_lap10besarICD_temp.php.2014-11-18_145512.bak</server_path><size>2824</size><date>1416297298</date><relative_path>C:\xampp\htdocs\sikda-puskesmas\sikda-application\modules\report_ppjk\views\agregat\nppBackup\</relative_path></DATA><DATA><name>rpt_lap10besarICD_temp.php.2014-11-18_145534.bak</name><server_path>C:\xampp\htdocs\sikda-puskesmas\sikda-application\modules\report_ppjk\views\agregat\nppBackup\rpt_lap10besarICD_temp.php.2014-11-18_145534.bak</server_path><size>2836</size><date>1416297312</date><relative_path>C:\xampp\htdocs\sikda-puskesmas\sikda-application\modules\report_ppjk\views\agregat\nppBackup\</relative_path></DATA><DATA><name>rpt_lapjknpus_temp.php.2014-11-10_224726.bak</name><server_path>C:\xampp\htdocs\sikda-puskesmas\sikda-application\modules\report_ppjk\views\agregat\nppBackup\rpt_lapjknpus_temp.php.2014-11-10_224726.bak</server_path><size>2818</size><date>1414038140</date><relative_path>C:\xampp\htdocs\sikda-puskesmas\sikda-application\modules\report_ppjk\views\agregat\nppBackup\</relative_path></DATA><DATA><name>rpt_lapjknpus_temp.php.2014-11-10_224731.bak</name><server_path>C:\xampp\htdocs\sikda-puskesmas\sikda-application\modules\report_ppjk\views\agregat\nppBackup\rpt_lapjknpus_temp.php.2014-11-10_224731.bak</server_path><size>2823</size><date>1415634446</date><relative_path>C:\xampp\htdocs\sikda-puskesmas\sikda-application\modules\report_ppjk\views\agregat\nppBackup\</relative_path></DATA><DATA><name>rpt_lapjknpus_temp.php.2014-11-10_224811.bak</name><server_path>C:\xampp\htdocs\sikda-puskesmas\sikda-application\modules\report_ppjk\views\agregat\nppBackup\rpt_lapjknpus_temp.php.2014-11-10_224811.bak</server_path><size>2825</size><date>1415634451</date><relative_path>C:\xampp\htdocs\sikda-puskesmas\sikda-application\modules\report_ppjk\views\agregat\nppBackup\</relative_path></DATA><DATA><name>rpt_lapjknpus_temp.php.2014-11-10_224819.bak</name><server_path>C:\xampp\htdocs\sikda-puskesmas\sikda-application\modules\report_ppjk\views\agregat\nppBackup\rpt_lapjknpus_temp.php.2014-11-10_224819.bak</server_path><size>2386</size><date>1415634491</date><relative_path>C:\xampp\htdocs\sikda-puskesmas\sikda-application\modules\report_ppjk\views\agregat\nppBackup\</relative_path></DATA><DATA><name>rpt_lapjknpus_temp.php.2014-11-10_224832.bak</name><server_path>C:\xampp\htdocs\sikda-puskesmas\sikda-application\modules\report_ppjk\views\agregat\nppBackup\rpt_lapjknpus_temp.php.2014-11-10_224832.bak</server_path><size>1876</size><date>1415634499</date><relative_path>C:\xampp\htdocs\sikda-puskesmas\sikda-application\modules\report_ppjk\views\agregat\nppBackup\</relative_path></DATA><DATA><name>rpt_lapjknpus_temp.php.2014-11-10_224931.bak</name><server_path>C:\xampp\htdocs\sikda-puskesmas\sikda-application\modules\report_ppjk\views\agregat\nppBackup\rpt_lapjknpus_temp.php.2014-11-10_224931.bak</server_path><size>1884</size><date>1415634512</date><relative_path>C:\xampp\htdocs\sikda-puskesmas\sikda-application\modules\report_ppjk\views\agregat\nppBackup\</relative_path></DATA><DATA><name>rpt_lapjknpus_temp.php.2014-11-10_225118.bak</name><server_path>C:\xampp\htdocs\sikda-puskesmas\sikda-application\modules\report_ppjk\views\agregat\nppBackup\rpt_lapjknpus_temp.php.2014-11-10_225118.bak</server_path><size>1895</size><date>1415634571</date><relative_path>C:\xampp\htdocs\sikda-puskesmas\sikda-application\modules\report_ppjk\views\agregat\nppBackup\</relative_path></DATA><DATA><name>rpt_lapjknpus_temp.php.2014-11-10_225214.bak</name><server_path>C:\xampp\htdocs\sikda-puskesmas\sikda-application\modules\report_ppjk\views\agregat\nppBackup\rpt_lapjknpus_temp.php.2014-11-10_225214.bak</server_path><size>1947</size><date>1415634678</date><relative_path>C:\xampp\htdocs\sikda-puskesmas\sikda-application\modules\report_ppjk\views\agregat\nppBackup\</relative_path></DATA><DATA><name>rpt_lapjknpus_temp.php.2014-11-10_225314.bak</name><server_path>C:\xampp\htdocs\sikda-puskesmas\sikda-application\modules\report_ppjk\views\agregat\nppBackup\rpt_lapjknpus_temp.php.2014-11-10_225314.bak</server_path><size>1947</size><date>1415634734</date><relative_path>C:\xampp\htdocs\sikda-puskesmas\sikda-application\modules\report_ppjk\views\agregat\nppBackup\</relative_path></DATA><DATA><name>rpt_lapjknpus_temp.php.2014-11-10_225325.bak</name><server_path>C:\xampp\htdocs\sikda-puskesmas\sikda-application\modules\report_ppjk\views\agregat\nppBackup\rpt_lapjknpus_temp.php.2014-11-10_225325.bak</server_path><size>1937</size><date>1415634794</date><relative_path>C:\xampp\htdocs\sikda-puskesmas\sikda-application\modules\report_ppjk\views\agregat\nppBackup\</relative_path></DATA><DATA><name>rpt_lapjknpus_temp.php.2014-11-10_225354.bak</name><server_path>C:\xampp\htdocs\sikda-puskesmas\sikda-application\modules\report_ppjk\views\agregat\nppBackup\rpt_lapjknpus_temp.php.2014-11-10_225354.bak</server_path><size>1927</size><date>1415634805</date><relative_path>C:\xampp\htdocs\sikda-puskesmas\sikda-application\modules\report_ppjk\views\agregat\nppBackup\</relative_path></DATA><DATA><name>rpt_lapjknpus_temp.php.2014-11-10_225413.bak</name><server_path>C:\xampp\htdocs\sikda-puskesmas\sikda-application\modules\report_ppjk\views\agregat\nppBackup\rpt_lapjknpus_temp.php.2014-11-10_225413.bak</server_path><size>1917</size><date>1415634834</date><relative_path>C:\xampp\htdocs\sikda-puskesmas\sikda-application\modules\report_ppjk\views\agregat\nppBackup\</relative_path></DATA><DATA><name>rpt_lapjknpus_temp.php.2014-11-10_225430.bak</name><server_path>C:\xampp\htdocs\sikda-puskesmas\sikda-application\modules\report_ppjk\views\agregat\nppBackup\rpt_lapjknpus_temp.php.2014-11-10_225430.bak</server_path><size>1915</size><date>1415634853</date><relative_path>C:\xampp\htdocs\sikda-puskesmas\sikda-application\modules\report_ppjk\views\agregat\nppBackup\</relative_path></DATA><DATA><name>rpt_lapjknpus_temp.php.2014-11-10_225759.bak</name><server_path>C:\xampp\htdocs\sikda-puskesmas\sikda-application\modules\report_ppjk\views\agregat\nppBackup\rpt_lapjknpus_temp.php.2014-11-10_225759.bak</server_path><size>1906</size><date>1415634870</date><relative_path>C:\xampp\htdocs\sikda-puskesmas\sikda-application\modules\report_ppjk\views\agregat\nppBackup\</relative_path></DATA><DATA><name>rpt_lapjknpus_temp.php.2014-11-10_225940.bak</name><server_path>C:\xampp\htdocs\sikda-puskesmas\sikda-application\modules\report_ppjk\views\agregat\nppBackup\rpt_lapjknpus_temp.php.2014-11-10_225940.bak</server_path><size>1932</size><date>1415635079</date><relative_path>C:\xampp\htdocs\sikda-puskesmas\sikda-application\modules\report_ppjk\views\agregat\nppBackup\</relative_path></DATA><DATA><name>rpt_lapjknpus_temp.php.2014-11-10_232540.bak</name><server_path>C:\xampp\htdocs\sikda-puskesmas\sikda-application\modules\report_ppjk\views\agregat\nppBackup\rpt_lapjknpus_temp.php.2014-11-10_232540.bak</server_path><size>1987</size><date>1415635180</date><relative_path>C:\xampp\htdocs\sikda-puskesmas\sikda-application\modules\report_ppjk\views\agregat\nppBackup\</relative_path></DATA><DATA><name>rpt_lapjknpus_temp.php.2014-11-18_144357.bak</name><server_path>C:\xampp\htdocs\sikda-puskesmas\sikda-application\modules\report_ppjk\views\agregat\nppBackup\rpt_lapjknpus_temp.php.2014-11-18_144357.bak</server_path><size>1984</size><date>1415636740</date><relative_path>C:\xampp\htdocs\sikda-puskesmas\sikda-application\modules\report_ppjk\views\agregat\nppBackup\</relative_path></DATA><DATA><name>rpt_lapjknpus_temp.php.2014-11-18_145404.bak</name><server_path>C:\xampp\htdocs\sikda-puskesmas\sikda-application\modules\report_ppjk\views\agregat\nppBackup\rpt_lapjknpus_temp.php.2014-11-18_145404.bak</server_path><size>2052</size><date>1416296637</date><relative_path>C:\xampp\htdocs\sikda-puskesmas\sikda-application\modules\report_ppjk\views\agregat\nppBackup\</relative_path></DATA><DATA><name>rpt_lapjknpus_temp.php.2014-11-18_145414.bak</name><server_path>C:\xampp\htdocs\sikda-puskesmas\sikda-application\modules\report_ppjk\views\agregat\nppBackup\rpt_lapjknpus_temp.php.2014-11-18_145414.bak</server_path><size>2064</size><date>1416297244</date><relative_path>C:\xampp\htdocs\sikda-puskesmas\sikda-application\modules\report_ppjk\views\agregat\nppBackup\</relative_path></DATA><DATA><name>rpt_lapjknpus_temp.php.2014-11-18_145429.bak</name><server_path>C:\xampp\htdocs\sikda-puskesmas\sikda-application\modules\report_ppjk\views\agregat\nppBackup\rpt_lapjknpus_temp.php.2014-11-18_145429.bak</server_path><size>2064</size><date>1416297254</date><relative_path>C:\xampp\htdocs\sikda-puskesmas\sikda-application\modules\report_ppjk\views\agregat\nppBackup\</relative_path></DATA><DATA><name>rpt_lap10besarICDRujukan_temp.php</name><server_path>C:\xampp\htdocs\sikda-puskesmas\sikda-application\modules\report_ppjk\views\agregat\rpt_lap10besarICDRujukan_temp.php</server_path><size>1524</size><date>1421833818</date><relative_path>C:\xampp\htdocs\sikda-puskesmas\sikda-application\modules\report_ppjk\views\agregat\</relative_path></DATA><DATA><name>rpt_lap10besarICD_temp.php</name><server_path>C:\xampp\htdocs\sikda-puskesmas\sikda-application\modules\report_ppjk\views\agregat\rpt_lap10besarICD_temp.php</server_path><size>2679</size><date>1421833812</date><relative_path>C:\xampp\htdocs\sikda-puskesmas\sikda-application\modules\report_ppjk\views\agregat\</relative_path></DATA><DATA><name>rpt_lapjknpus_temp.php</name><server_path>C:\xampp\htdocs\sikda-puskesmas\sikda-application\modules\report_ppjk\views\reports\rpt_lapjknpus_temp.php</server_path><size>2873</size><date>1421833181</date><relative_path>C:\xampp\htdocs\sikda-puskesmas\sikda-application\modules\report_ppjk\views\reports\</relative_path></DATA><DATA><name>rpt_lapjenispasien.php</name><server_path>C:\xampp\htdocs\sikda-puskesmas\sikda-application\modules\report_ppjk\views\reports\rpt_lapjenispasien.php</server_path><size>5794</size><date>1416487362</date><relative_path>C:\xampp\htdocs\sikda-puskesmas\sikda-application\modules\report_ppjk\views\reports\</relative_path></DATA><DATA><name>rpt_lapjenispasienkab_html.php</name><server_path>C:\xampp\htdocs\sikda-puskesmas\sikda-application\modules\report_ppjk\views\reports\rpt_lapjenispasienkab_html.php</server_path><size>5124</size><date>1421833237</date><relative_path>C:\xampp\htdocs\sikda-puskesmas\sikda-application\modules\report_ppjk\views\reports\</relative_path></DATA><DATA><name>rpt_lapjenispasiennasional_html.php</name><server_path>C:\xampp\htdocs\sikda-puskesmas\sikda-application\modules\report_ppjk\views\reports\rpt_lapjenispasiennasional_html.php</server_path><size>4994</size><date>1421833240</date><relative_path>C:\xampp\htdocs\sikda-puskesmas\sikda-application\modules\report_ppjk\views\reports\</relative_path></DATA><DATA><name>rpt_lapjenispasienprov_html.php</name><server_path>C:\xampp\htdocs\sikda-puskesmas\sikda-application\modules\report_ppjk\views\reports\rpt_lapjenispasienprov_html.php</server_path><size>5059</size><date>1421833243</date><relative_path>C:\xampp\htdocs\sikda-puskesmas\sikda-application\modules\report_ppjk\views\reports\</relative_path></DATA><DATA><name>rpt_lapjenispasienpus_html.php</name><server_path>C:\xampp\htdocs\sikda-puskesmas\sikda-application\modules\report_ppjk\views\reports\rpt_lapjenispasienpus_html.php</server_path><size>5228</size><date>1421833246</date><relative_path>C:\xampp\htdocs\sikda-puskesmas\sikda-application\modules\report_ppjk\views\reports\</relative_path></DATA><DATA><name>rpt_lapjkn.php</name><server_path>C:\xampp\htdocs\sikda-puskesmas\sikda-application\modules\report_ppjk\views\reports\rpt_lapjkn.php</server_path><size>5985</size><date>1416301801</date><relative_path>C:\xampp\htdocs\sikda-puskesmas\sikda-application\modules\report_ppjk\views\reports\</relative_path></DATA><DATA><name>rpt_lapjknkab_temp.php</name><server_path>C:\xampp\htdocs\sikda-puskesmas\sikda-application\modules\report_ppjk\views\reports\rpt_lapjknkab_temp.php</server_path><size>2884</size><date>1421833170</date><relative_path>C:\xampp\htdocs\sikda-puskesmas\sikda-application\modules\report_ppjk\views\reports\</relative_path></DATA><DATA><name>rpt_lapjknnas_temp.php</name><server_path>C:\xampp\htdocs\sikda-puskesmas\sikda-application\modules\report_ppjk\views\reports\rpt_lapjknnas_temp.php</server_path><size>2677</size><date>1421833173</date><relative_path>C:\xampp\htdocs\sikda-puskesmas\sikda-application\modules\report_ppjk\views\reports\</relative_path></DATA><DATA><name>rpt_lapjknprov_temp.php</name><server_path>C:\xampp\htdocs\sikda-puskesmas\sikda-application\modules\report_ppjk\views\reports\rpt_lapjknprov_temp.php</server_path><size>2756</size><date>1421833175</date><relative_path>C:\xampp\htdocs\sikda-puskesmas\sikda-application\modules\report_ppjk\views\reports\</relative_path></DATA><DATA><name>rpt_sepuluhbesarrjrw.php</name><server_path>C:\xampp\htdocs\sikda-puskesmas\sikda-application\modules\report_ppjk\views\reports\rpt_sepuluhbesarrjrw.php</server_path><size>6394</size><date>1416301994</date><relative_path>C:\xampp\htdocs\sikda-puskesmas\sikda-application\modules\report_ppjk\views\reports\</relative_path></DATA><DATA><name>rpt_sepuluhbesarrjrwkab_html.php</name><server_path>C:\xampp\htdocs\sikda-puskesmas\sikda-application\modules\report_ppjk\views\reports\rpt_sepuluhbesarrjrwkab_html.php</server_path><size>3957</size><date>1421832980</date><relative_path>C:\xampp\htdocs\sikda-puskesmas\sikda-application\modules\report_ppjk\views\reports\</relative_path></DATA><DATA><name>rpt_sepuluhbesarrjrwnas_html.php</name><server_path>C:\xampp\htdocs\sikda-puskesmas\sikda-application\modules\report_ppjk\views\reports\rpt_sepuluhbesarrjrwnas_html.php</server_path><size>3469</size><date>1421832952</date><relative_path>C:\xampp\htdocs\sikda-puskesmas\sikda-application\modules\report_ppjk\views\reports\</relative_path></DATA><DATA><name>rpt_sepuluhbesarrjrwprov_html.php</name><server_path>C:\xampp\htdocs\sikda-puskesmas\sikda-application\modules\report_ppjk\views\reports\rpt_sepuluhbesarrjrwprov_html.php</server_path><size>3559</size><date>1421832967</date><relative_path>C:\xampp\htdocs\sikda-puskesmas\sikda-application\modules\report_ppjk\views\reports\</relative_path></DATA><DATA><name>rpt_sepuluhbesarrjrwpus_html.php</name><server_path>C:\xampp\htdocs\sikda-puskesmas\sikda-application\modules\report_ppjk\views\reports\rpt_sepuluhbesarrjrwpus_html.php</server_path><size>3253</size><date>1421832993</date><relative_path>C:\xampp\htdocs\sikda-puskesmas\sikda-application\modules\report_ppjk\views\reports\</relative_path></DATA><DATA><name>rpt_sepuluhbesarrujuk.php</name><server_path>C:\xampp\htdocs\sikda-puskesmas\sikda-application\modules\report_ppjk\views\reports\rpt_sepuluhbesarrujuk.php</server_path><size>5370</size><date>1416302007</date><relative_path>C:\xampp\htdocs\sikda-puskesmas\sikda-application\modules\report_ppjk\views\reports\</relative_path></DATA><DATA><name>rpt_sepuluhbesarrujuknas_html.php</name><server_path>C:\xampp\htdocs\sikda-puskesmas\sikda-application\modules\report_ppjk\views\reports\rpt_sepuluhbesarrujuknas_html.php</server_path><size>1939</size><date>1421832615</date><relative_path>C:\xampp\htdocs\sikda-puskesmas\sikda-application\modules\report_ppjk\views\reports\</relative_path></DATA><DATA><name>rpt_sepuluhbesarrujukprov_html.php</name><server_path>C:\xampp\htdocs\sikda-puskesmas\sikda-application\modules\report_ppjk\views\reports\rpt_sepuluhbesarrujukprov_html.php</server_path><size>2020</size><date>1421832671</date><relative_path>C:\xampp\htdocs\sikda-puskesmas\sikda-application\modules\report_ppjk\views\reports\</relative_path></DATA><DATA><name>rpt_sepuluhbesarrujukpus_html.php</name><server_path>C:\xampp\htdocs\sikda-puskesmas\sikda-application\modules\report_ppjk\views\reports\rpt_sepuluhbesarrujukpus_html.php</server_path><size>1849</size><date>1421832903</date><relative_path>C:\xampp\htdocs\sikda-puskesmas\sikda-application\modules\report_ppjk\views\reports\</relative_path></DATA><DATA><name>rpt_sepuluhbesarujukkab_html.php</name><server_path>C:\xampp\htdocs\sikda-puskesmas\sikda-application\modules\report_ppjk\views\reports\rpt_sepuluhbesarujukkab_html.php</server_path><size>2097</size><date>1421832909</date><relative_path>C:\xampp\htdocs\sikda-puskesmas\sikda-application\modules\report_ppjk\views\reports\</relative_path></DATA></rows>
